Universitas,Program Studi,Jenjang,Email,Status,Email_Lama
Universitas Nusa Cendana,Arsitektur,S1,,Sukses,arsitektur@universitasnusacendana.ac.id
Universitas Fajar,Arsitektur,S1,,Sukses,arsitektur@universitasfajar.ac.id
Universitas Merdeka Surabaya,Arsitektur,S1,tarsunmersby@yahoo.co.id,Sukses,arsitektur@universitasmerdekasurabaya.ac.id
Universitas Teknologi Yogyakarta,Arsitektur,S1,info@uty.ac.id,Sukses,arsitektur@universitasteknologiyogyakarta.ac.id
Universitas Diponegoro,Ilmu Arsitektur Dan Perkotaan,S3,dtap.undip@gmail.com,Gagal,ilmuarsitekturdanperkotaan@universitasdiponegoro.ac.id
Universitas Pendidikan Indonesia,Arsitektur,S2,mars_fptkupi@upi.edu,Sukses,arsitektur@universitaspendidikanindonesia.ac.id
Universitas Malikussaleh,Arsitektur,S1,infoarsitektur@unimal.ac.id,Gagal,arsitektur@universitasmalikussaleh.ac.id
Institut Modern Arsitektur Dan Teknologi,Arsitektur,S1,-,Email Kosong,arsitektur@institutmodernarsitekturdanteknologi.ac.id
Universitas Sumatera Utara,Arsitektur,S1,dearftusu@gmail.com,Gagal,arsitektur@universitassumaterautara.ac.id
Institut Sains Dan Teknologi TD Pardede,Arsitektur,S1,iistp@yahoo.com,Sukses,arsitektur@institutsainsdanteknologitdpardede.ac.id
Universitas Mpu Tantular,Arsitektur,S1,umt@centrin.net.id,Sukses,arsitektur@universitasmputantular.ac.id
Universitas Prisma,Arsitektur,S1,-,Email Kosong,arsitektur@universitasprisma.ac.id
Universitas Nusa Nipa,Arsitektur,S1,unipa_maumere@yahoo.com,Sukses,arsitektur@universitasnusanipa.ac.id
Universitas Hasanuddin,Arsitektur,S2,info@pascaunhas.net,Gagal,arsitektur@universitashasanuddin.ac.id
Institut Teknologi Kalimantan,Arsitektur,S1,ars@itk.ac.id,Sukses,arsitektur@institutteknologikalimantan.ac.id
Sekolah Tinggi Ilmu Teknik Trisula,Arsitektur,S1,trisulabengkulu@yahoo.com,Sukses,arsitektur@sekolahtinggiilmutekniktrisula.ac.id
Universitas Nahdlatul Ulama Kalimantan Selatan,Teknik Arsitektur,S1,-,kosong,teknikarsitektur@universitasnahdlatululamakalimantanselatan.ac.id
Universitas Pandanaran,Arsitektur,S1,unpan@yahoo.com,Sukses,arsitektur@universitaspandanaran.ac.id
Universitas Bina Taruna Gorontalo,Arsitektur,S1,-,Email Kosong,arsitektur@universitasbinatarunagorontalo.ac.id
Universitas Nahdlatul Ulama Gorontalo,Arsitektur,S1,unugortal@gmail.com,Sukses,arsitektur@universitasnahdlatululamagorontalo.ac.id
Universitas Ichsan Gorontalo,Teknik Arsitektur,S1,ft.unisan.gorontalo@gmail.com,Gagal,teknikarsitektur@universitasichsangorontalo.ac.id
Universitas Negeri Makassar,Arsitektur,S1,-,kosong,arsitektur@universitasnegerimakassar.ac.id
Universitas Nahdlatul Ulama Kalimantan Timur,Arsitektur,S1,unukaltim@gmail.com,Sukses,arsitektur@universitasnahdlatululamakalimantantimur.ac.id
Universitas Negeri Gorontalo,Teknik Arsitektur,S1,arsitektur_ung@yahoo.com,Gagal,teknikarsitektur@universitasnegerigorontalo.ac.id
Universitas Atma Jaya Yogyakarta,Arsitektur,S2,pasca@uajy.ac.id,Sukses,arsitektur@universitasatmajayayogyakarta.ac.id
Universitas Internasional Batam,Arsitektur,S1,info@uib.edu,Sukses,arsitektur@universitasinternasionalbatam.ac.id
Universitas Sumatera Utara,Ilmu Arsitektur Dan Perkotaan,S3,mtausu2002@yahoo.com,Gagal,ilmuarsitekturdanperkotaan@universitassumaterautara.ac.id
Universitas Islam Negeri Walisongo Semarang,Ilmu Seni Dan Arsitektur Islam,S1,fuhum@walisongo.ac.id,Gagal,ilmusenidanarsitekturislam@universitasislamnegeriwalisongosemarang.ac.id
Universitas Kristen Indonesia,Arsitektur,S1,ukit.gmim@gmail.com,Sukses,arsitektur@universitaskristenindonesia.ac.id
Universitas Bina Nusantara,Arsitektur,S1,misnaeni@binus.edu,Sukses,arsitektur@universitasbinanusantara.ac.id
Universitas Widya Mataram,Arsitektur,S1,ft@widyamataram.ac.id,Sukses,arsitektur@universitaswidyamataram.ac.id
Universitas Katolik Parahyangan,Arsitektur,S2,pasca@home.unpar.ac.id,Gagal,arsitektur@universitaskatolikparahyangan.ac.id
Universitas Kristen Maranatha,Arsitektur,S1,architecture.creahum@maranatha.edu,Sukses,arsitektur@universitaskristenmaranatha.ac.id
Universitas Selamat Sri,Arsitektur,S1,arsitektur.uniss@gmail.com,Sukses,arsitektur@universitasselamatsri.ac.id
Politeknik Negeri Pontianak,Arsitektur Bangunan Gedung,D-IV,jta.polnep@gmail.com,Gagal,arsitekturbangunangedung@politekniknegeripontianak.ac.id
Institut Teknologi Sumatera,Arsitektur Lanskap,S1,-,Email Kosong,arsitekturlanskap@institutteknologisumatera.ac.id
Universitas Katolik Soegijapranata,Arsitektur,S2,mtaunika@yahoo.co.id,Sukses,arsitektur@universitaskatoliksoegijapranata.ac.id
Institut Teknologi Minaesa,Arsitektur,S1,arsitektur@itmtomohon.ac.id,Sukses,arsitektur@institutteknologiminaesa.ac.id
Universitas 17 Agustus 1945 Semarang,Arsitektur,S1,sekjur@archuntagsmg.co.cc,Gagal,arsitektur@universitas17agustus1945semarang.ac.id
Universitas Pendidikan Indonesia,Pendidikan Teknik Arsitektur,S1,prodi_pendarsitek_fptk@upi.edu,Gagal,pendidikanteknikarsitektur@universitaspendidikanindonesia.ac.id
Universitas Syiah Kuala,Arsitektur,S2,s2ars@unsyiah.ac.id,Gagal,arsitektur@universitassyiahkuala.ac.id
Universitas Ibrahimy,Arsitektur,S1,unib2018@ibrahimy.ac.id,Sukses,arsitektur@universitasibrahimy.ac.id
Institut Teknologi Garut,Arsitektur,S1,arsitektur@itg.ac.id,Sukses,arsitektur@institutteknologigarut.ac.id
Universitas Hasanuddin,Arsitektur,S1,arsitek@ft.unhas.ac.id,Gagal,arsitektur@universitashasanuddin.ac.id
Universitas Tomakaka,Arsitektur,S1,tarsitektur.unika@gmail.com,Sukses,arsitektur@universitastomakaka.ac.id
Universitas Agung Podomoro,Arsitektur,S1,rektorat@podomorouniversity.ac.id,Sukses,arsitektur@universitasagungpodomoro.ac.id
Universitas Indonesia,Arsitektur,S1,arsitektur@eng.ui.ac.id,Gagal,arsitektur@universitasindonesia.ac.id
Institut Teknologi Calvin,Arsitektur,S1,-,Email Kosong,arsitektur@institutteknologicalvin.ac.id
Universitas Nusantara Manado,Arsitektur,S1,info@nusantara.ac.id,Sukses,arsitektur@universitasnusantaramanado.ac.id
Universitas Quality Berastagi,Arsitektur,S1,-,Email Kosong,arsitektur@universitasqualityberastagi.ac.id
Universitas Bhinneka PGRI,Arsitektur,S1,arsitektur@ubhi.ac.id,Sukses,arsitektur@universitasbhinnekapgri.ac.id
Institut Teknologi Sepuluh Nopember,Arsitektur,S1,arsitektur@its.ac.id,Sukses,arsitektur@institutteknologisepuluhnopember.ac.id
Universitas Gunadarma,Arsitektur,S1,KOSONG,Gagal,arsitektur@universitasgunadarma.ac.id
Universitas Muhammadiyah Surakarta,Arsitektur,S1,arsitektur@ums.ac.id,Gagal,arsitektur@universitasmuhammadiyahsurakarta.ac.id
Universitas Ekasakti,Arsitektur,S1,puskom@univ-ekasakti-pdg.ac.id,Sukses,arsitektur@universitasekasakti.ac.id
Universitas Lancang Kuning,Arsitektur,S1,arsitektur@unilak.ac.id,Sukses,arsitektur@universitaslancangkuning.ac.id
Universitas Sam Ratulangi,Arsitektur,S1,sim_usr@unsrat.ac.id,Gagal,arsitektur@universitassamratulangi.ac.id
Sekolah Tinggi Arsitektur YKPN Yogyakarta,Gambar Arsitektur,D-III,admin@starsykpn.ac.id,Gagal,gambararsitektur@sekolahtinggiarsitekturykpnyogyakarta.ac.id
Universitas Muhammadiyah Aceh,Arsitektur,S1,prodi.arsitektur@unmuha.ac.id,Sukses,arsitektur@universitasmuhammadiyahaceh.ac.id
Universitas Presiden,Arsitektur,S1,arc@president.ac.id,Sukses,arsitektur@universitaspresiden.ac.id
Institut Seni Indonesia Surakarta,Arsitektur,S1,-,Email Kosong,arsitektur@institutseniindonesiasurakarta.ac.id
Universitas Prima Indonesia,Arsitektur,S1,KOSONG,Gagal,arsitektur@universitasprimaindonesia.ac.id
Universitas Katolik Parahyangan,Ilmu Arsitektur,S3,pasca@home.unpar.ac.id,Gagal,ilmuarsitektur@universitaskatolikparahyangan.ac.id
Universitas Brawijaya,Arsitektur,S1,arsftub@ub.ac.id,Gagal,arsitektur@universitasbrawijaya.ac.id
Institut Sains Dan Teknologi Nasional,Arsitektur Lanskap,S1,-,Email Kosong,arsitekturlanskap@institutsainsdanteknologinasional.ac.id
Institut Sains Dan Teknologi Nasional,Arsitektur,S1,fti@istn.ac.id,Sukses,arsitektur@institutsainsdanteknologinasional.ac.id
Universitas Kristen Duta Wacana,Arsitektur,S2,admin.mars@staff.ukdw.ac.id,Sukses,arsitektur@universitaskristendutawacana.ac.id
Universitas Yapis Papua,Arsitektur,S1,arsitekturuniyap@gmail.com,Sukses,arsitektur@universitasyapispapua.ac.id
Politeknik Negeri Sriwijaya,Arsitektur Bangunan Gedung,D-IV,info@polsri.ac.id,Gagal,arsitekturbangunangedung@politekniknegerisriwijaya.ac.id
Institut Teknologi Bandung,Arsitektur,S2,sekres2@ar.itb.ac.id,Gagal,arsitektur@institutteknologibandung.ac.id
Institut Teknologi Bandung,Arsitektur,S1,sekres2@ar.itb.ac.id,Gagal,arsitektur@institutteknologibandung.ac.id
Institut Teknologi Bacharuddin Jusuf Habibie,Arsitektur,S1,KOSONG,Email Kosong,arsitektur@institutteknologibacharuddinjusufhabibie.ac.id
Universitas Al Washliyah Darussalam Banda Aceh,Arsitektur,S1,Unadabna@gmail.com,Sukses,arsitektur@universitasalwashliyahdarussalambandaaceh.ac.id
Universitas Madani,Arsitektur,S1,info@umad.ac.id,Sukses,arsitektur@universitasmadani.ac.id
Universitas Sam Ratulangi,Arsitektur,S3,KOSONG,Gagal,arsitektur@universitassamratulangi.ac.id
Universitas Sebelas Maret,Arsitektur,S1,arsitek.@uns.ac.id,Gagal,arsitektur@universitassebelasmaret.ac.id
Universitas Borobudur,Arsitektur,S1,ft@borobudur.ac.id,Sukses,arsitektur@universitasborobudur.ac.id
Universitas Udayana,Arsitektur,S2,pasca.arsitektur@ar.unud.ac.id,Gagal,arsitektur@universitasudayana.ac.id
Universitas Warmadewa,Arsitektur,S1,ft.ta@warmadewa.ac.id,Gagal,arsitektur@universitaswarmadewa.ac.id
Universitas Muhammadiyah Bengkulu,Arsitektur,S1,Arch.UMB2022@gmail.com,Gagal,arsitektur@universitasmuhammadiyahbengkulu.ac.id
Universitas Negeri Manado,Arsitektur,S1,-,Email Kosong,arsitektur@universitasnegerimanado.ac.id
Universitas Tunas Pembangunan Surakarta (UTP),Arsitektur,S1,arsitektur@utp.ac.id,Sukses,arsitektur@universitastunaspembangunansurakartautp.ac.id
Universitas Langlang Buana,Arsitektur,S1,unlanet_kr@yahoo.co.id,Sukses,arsitektur@universitaslanglangbuana.ac.id
Universitas Merdeka Malang,Arsitektur,S1,arsitektur@unmer.ac.id,Gagal,arsitektur@universitasmerdekamalang.ac.id
Universitas Tribhuwana Tungga Dewi,Arsitektur Lanskap,S1,landscape@unitri.ac.id,Gagal,arsitekturlanskap@universitastribhuwanatunggadewi.ac.id
Universitas Persada Indonesia Yai,Arsitektur,S1,ars.ft@upi-yai.ac.id,Sukses,arsitektur@universitaspersadaindonesiayai.ac.id
Universitas Pelita Harapan,Arsitektur,S1,architecture@uph.edu,Gagal,arsitektur@universitaspelitaharapan.ac.id
Universitas Islam Negeri Datokarama Palu,Arsitektur,S1,KOSONG,Gagal,arsitektur@universitasislamnegeridatokaramapalu.ac.id
Institut Pertanian Bogor,Arsitektur Lanskap,S1,landscapearch@apps.ipb.ac.id,Gagal,arsitekturlanskap@institutpertanianbogor.ac.id
Universitas Matana,Arsitektur,S1,Kosong,Gagal,arsitektur@universitasmatana.ac.id
Universitas Medan Area,Arsitektur,S1,arsitektur@uma.ac.id,Gagal,arsitektur@universitasmedanarea.ac.id
Universitas Negeri Medan,Arsitektur,S1,KOSONG,Sukses,arsitektur@universitasnegerimedan.ac.id
Universitas Islam Indonesia,Arsitektur,S1,architecture@uii.ac.id,Gagal,arsitektur@universitasislamindonesia.ac.id
Universitas Ubudiyah Indonesia,Arsitektur,S1,KOSONG,Gagal,arsitektur@universitasubudiyahindonesia.ac.id
Universitas Lambung Mangkurat,Arsitektur,S2,KOSONG,Gagal,arsitektur@universitaslambungmangkurat.ac.id
Universitas Indo Global Mandiri,Arsitektur,S1,arsitektur@uigm.ac.id,Sukses,arsitektur@universitasindoglobalmandiri.ac.id
Universitas Faletehan,Arsitektur (Kampus Kota Bandung),S1,-,Email Kosong,arsitekturkampuskotabandung@universitasfaletehan.ac.id
Universitas Madako Tolitoli,Arsitektur,S1,KOSONG,Sukses,arsitektur@universitasmadakotolitoli.ac.id
Universitas Diponegoro,Teknik Infrastruktur Sipil Dan Perancangan Arsitektur,D-IV,pilar@live.undip.ac.id,Gagal,teknikinfrastruktursipildanperancanganarsitektur@universitasdiponegoro.ac.id
Universitas Gunadarma,Arsitektur (Kampus Kabupaten Penajam Paser Utara),S1,KOSONG,Gagal,arsitekturkampuskabupatenpenajampaserutara@universitasgunadarma.ac.id
Universitas Subang,Arsitektur,S1,info@unsub.ac.id,Gagal,arsitektur@universitassubang.ac.id
Universitas Hasanuddin,Ilmu Arsitektur,S3,KOSONG,Gagal,ilmuarsitektur@universitashasanuddin.ac.id
Institut Teknologi Adhi Tama Surabaya,Arsitektur,S1,arsitektur.dept@itats.ac.id,Sukses,arsitektur@institutteknologiadhitamasurabaya.ac.id
Universitas Multimedia Nusantara Jakarta,Arsitektur,S1,arsitektur.umn@umn.ac.id,Sukses,arsitektur@universitasmultimedianusantarajakarta.ac.id
Universitas Tridinanti,Arsitektur,S1,arsitektur@univ-tridinanti.ac.id,Sukses,arsitektur@universitastridinanti.ac.id
Universitas Islam Negeri Sulthan Thaha Saifuddin Jambi,Arsitektur,S1,-,Email Kosong,arsitektur@universitasislamnegerisulthanthahasaifuddinjambi.ac.id
Universitas Kristen Petra,Arsitektur,S1,kj-ars@petra.ac.id,Sukses,arsitektur@universitaskristenpetra.ac.id
Universitas Katolik Darma Cendika,Arsitektur,S1,info@ukdc.ac.id,Sukses,arsitektur@universitaskatolikdarmacendika.ac.id
Universitas Krisnadwipayana,Arsitektur,S1,humas@unkris.ac.id,Sukses,arsitektur@universitaskrisnadwipayana.ac.id
Universitas Lampung,Arsitektur,S1,KOSONG,Gagal,arsitektur@universitaslampung.ac.id
Universitas Jayabaya,Arsitektur,S1,ftspjaya@yahoo.co.id,Sukses,arsitektur@universitasjayabaya.ac.id
Universitas Negeri Yogyakarta,Arsitektur,S1,KOSONG,Gagal,arsitektur@universitasnegeriyogyakarta.ac.id
Institut Desain Dan Bisnis Bali,Arsitektur,S1,-,Email Kosong,arsitektur@institutdesaindanbisnisbali.ac.id
Politeknik Dewantara,Arsitektur Bangunan Gedung,D4,-,Email Kosong,arsitekturbangunangedung@politeknikdewantara.ac.id
Universitas Klabat,Arsitektur,S1,-,Email Kosong,arsitektur@universitasklabat.ac.id
Universitas Kristen Indonesia Tomohon,Arsitektur,S1,ukit.gmim@gmail.com,Sukses,arsitektur@universitaskristenindonesiatomohon.ac.id
Politeknik Negeri Pontianak,Arsitektur,D-III,kampus@polnep.ac.id,Gagal,arsitektur@politekniknegeripontianak.ac.id
Universitas Islam Negeri Sunan Kalijaga,Arsitektur,S1,KOSONG,Gagal,arsitektur@universitasislamnegerisunankalijaga.ac.id
Universitas Muhammadiyah Kendari,Arsitektur,S1,unismuh_kdi@yahoo.com,Sukses,arsitektur@universitasmuhammadiyahkendari.ac.id
Universitas Wijayakusuma Purwokerto,Arsitektur,S1,info@unwiku.ac.id,Sukses,arsitektur@universitaswijayakusumapurwokerto.ac.id
Universitas Nahdlatul Ulama Sulawesi Tenggara,Teknik Arsitektur,S1,KOSONG,Gagal,teknikarsitektur@universitasnahdlatululamasulawesitenggara.ac.id
Universitas 17 Agustus 1945 Surabaya,Arsitektur,S1,arsitektur@untag-sby.ac.id,Sukses,arsitektur@universitas17agustus1945surabaya.ac.id
Universitas Udayana,Arsitektur Lanskap,S1,KOSONG,Gagal,arsitekturlanskap@universitasudayana.ac.id
Universitas Winaya Mukti,Arsitektur,S1,arsitektur@unwim.ac.id,Gagal,arsitektur@universitaswinayamukti.ac.id
Universitas Ngurah Rai,Arsitektur,S1,ft@unr.ac.id,Sukses,arsitektur@universitasngurahrai.ac.id
Universitas Komputer Indonesia,Teknik Arsitektur,S1,arsitektur@email.unikom.ac.id,Gagal,teknikarsitektur@universitaskomputerindonesia.ac.id
Universitas Islam Negeri Alauddin Makassar,Teknik Arsitektur,S1,wasilah.sahabuddin@yahoo.com,Gagal,teknikarsitektur@universitasislamnegerialauddinmakassar.ac.id
Universitas Sam Ratulangi,Arsitektur,S2,KOSONG,Gagal,arsitektur@universitassamratulangi.ac.id
Universitas Tarumanagara,Arsitektur,S1,prodi.s1ars@ft.untar.ac.id,Sukses,arsitektur@universitastarumanagara.ac.id
Universitas Trisakti,Arsitektur,S2,mars@pasca.trisakti.ac.id,Gagal,arsitektur@universitastrisakti.ac.id
Universitas Muhammadiyah Semarang,Arsitektur,S1,arsitektur@unimus.ac.id,Gagal,arsitektur@universitasmuhammadiyahsemarang.ac.id
Universitas Negeri Gorontalo,Arsitektur Bangunan Gedung,D-IV,KOSONG,Gagal,arsitekturbangunangedung@universitasnegerigorontalo.ac.id
Universitas Persatuan Guru Republik Indonesia Semarang,Arsitektur,S1,upgris@upgris.ac.id,Sukses,arsitektur@universitaspersatuangururepublikindonesiasemarang.ac.id
Universitas Palangka Raya,Arsitektur,S1,dapoe_emel@yahoo.com,Sukses,arsitektur@universitaspalangkaraya.ac.id
Universitas Gunadarma,Arsitektur,S2,-,Email Kosong,arsitektur@universitasgunadarma.ac.id
Universitas Negeri Surabaya,Arsitektur Bangunan Gedung,D4,KOSONG,Gagal,arsitekturbangunangedung@universitasnegerisurabaya.ac.id
Universitas Andalas,Arsitektur,S1,KOSONG,Gagal,arsitektur@universitasandalas.ac.id
Universitas Trisakti,Arsitektur Lansekap,S1,faltl@trisakti.ac.id,Gagal,arsitekturlansekap@universitastrisakti.ac.id
Institut Pertanian Bogor,Arsitektur Lanskap,S2,arsitekturlanskaps2@apps.ipb.ac.id,Gagal,arsitekturlanskap@institutpertanianbogor.ac.id
Universitas Pendidikan Indonesia,Arsitektur,S1,ps_arsitektur@upi.edu,Gagal,arsitektur@universitaspendidikanindonesia.ac.id
Universitas Bung Hatta,Arsitektur,S2,magisterarsitekturubh@yahoo.com,Sukses,arsitektur@universitasbunghatta.ac.id
Universitas Muslim Indonesia,Arsitektur,S1,architecture@uii.ac.id,Gagal,arsitektur@universitasmuslimindonesia.ac.id
Universitas Katolik Santo Thomas,Arsitektur,S1,info@ust.ac.id,Sukses,arsitektur@universitaskatoliksantothomas.ac.id
Universitas Muhammadiyah Surabaya,Arsitektur,S1,umsurabaya@yahoo.com,Sukses,arsitektur@universitasmuhammadiyahsurabaya.ac.id
Universitas Pembangunan Panca Budi,Arsitektur,S1,admin_ft@pancabudi.org,Sukses,arsitektur@universitaspembangunanpancabudi.ac.id
Universitas Islam Negeri Profesor Kiai Haji Saifuddin Zuhri Purwokerto,Arsitektur,S1,-,Email Kosong,arsitektur@universitasislamnegeriprofesorkiaihajisaifuddinzuhripurwokerto.ac.id
Sekolah Tinggi Arsitektur YKPN Yogyakarta,Arsitektur,S1,admin@starsykpn.ac.id,Sukses,arsitektur@sekolahtinggiarsitekturykpnyogyakarta.ac.id
Universitas Negeri Semarang,Teknik Arsitektur,S1,arsitektur@mail.unnes.ac.id,Gagal,teknikarsitektur@universitasnegerisemarang.ac.id
Universitas Tanri Abeng,Arsitektur,S1,-,Email Kosong,arsitektur@universitastanriabeng.ac.id
Politeknik Negeri Bengkalis,Teknologi Rekayasa Arsitektur Perkapalan,D-IV,KOSONG,Gagal,teknologirekayasaarsitekturperkapalan@politekniknegeribengkalis.ac.id
Institut Teknologi Dan Bisnis Ahmad Dahlan Lamongan,Arsitektur,S1,-,Email Kosong,arsitektur@institutteknologidanbisnisahmaddahlanlamongan.ac.id
Universitas Sriwijaya,Arsitektur,S1,KOSONG,Gagal,arsitektur@universitassriwijaya.ac.id
Universitas Tadulako,Arsitektur,S2,KOSONG,Gagal,arsitektur@universitastadulako.ac.id
Universitas Trisakti,Arsitektur,S3,-,Email Kosong,arsitektur@universitastrisakti.ac.id
Universitas Muhammadiyah Banjarmasin,Arsitektur,S1,-,Email Kosong,arsitektur@universitasmuhammadiyahbanjarmasin.ac.id
Universitas Indonesia,Arsitektur,S2,arsitektur@eng.ui.ac.id,Gagal,arsitektur@universitasindonesia.ac.id
Universitas Lambung Mangkurat,Arsitektur,S1,prodiarsitektur@ulm.ac.id,Gagal,arsitektur@universitaslambungmangkurat.ac.id
Universitas Trisakti,Arsitektur,S1,ftsp@trisakti.ac.id,Sukses,arsitektur@universitastrisakti.ac.id
Universitas Katolik Widya Mandira Kupang,Arsitektur,S1,info@unwira.ac.id,Sukses,arsitektur@universitaskatolikwidyamandirakupang.ac.id
Universitas Katolik Parahyangan,Arsitektur,S1,fteknik@home.unpar.ac.id,Gagal,arsitektur@universitaskatolikparahyangan.ac.id
Universitas Kaltara,Arsitektur,S1,arsitekturunikaltar@gmail.com,Sukses,arsitektur@universitaskaltara.ac.id
Universitas Muhammadiyah Jakarta,Arsitektur,S1,arsitektur@ftumj.ac.id; arsitektur@umj.ac.id,Gagal,arsitektur@universitasmuhammadiyahjakarta.ac.id
Universitas Atma Jaya Yogyakarta,Arsitektur,S1,Prodi.arsitektur@uajy.ac.id,Sukses,arsitektur@universitasatmajayayogyakarta.ac.id
Universitas Sumatera Utara,Teknik Arsitektur,S2,mtausu2002@yahoo.com,Gagal,teknikarsitektur@universitassumaterautara.ac.id
Politeknik Negeri Samarinda,Arsitektur Bangunan Gedung,D-IV,humas@polnes.ac.id,Gagal,arsitekturbangunangedung@politekniknegerisamarinda.ac.id
Universitas Udayana,Arsitektur,S1,arsitektur.ft@unud.ac.id,Gagal,arsitektur@universitasudayana.ac.id
Universitas Mercu Buana,Arsitektur,S1,umb@mercubuana.ac.id,Gagal,arsitektur@universitasmercubuana.ac.id
Universitas Katolik Soegijapranata,Arsitektur,S1,arsitektur@unika.ac.id,Sukses,arsitektur@universitaskatoliksoegijapranata.ac.id
Institut Teknologi Sepuluh Nopember,Ilmu Arsitektur,S3,arsitektur@its.ac.id,Gagal,ilmuarsitektur@institutteknologisepuluhnopember.ac.id
Universitas Gadjah Mada,Magister Arsitektur,S2,s2arsugm@ugm.ac.id,Gagal,magisterarsitektur@universitasgadjahmada.ac.id
Universitas Atma Jaya Yogyakarta,Arsitektur,S3,KOSONG,Email Kosong,arsitektur@universitasatmajayayogyakarta.ac.id
Universitas Budi Luhur,Arsitektur,S1,arsitektur@budiluhur.ac.id,Sukses,arsitektur@universitasbudiluhur.ac.id
Universitas Islam Negeri Ar-Raniry Banda Aceh,Arsitektur,S1,-,Email Kosong,arsitektur@universitasislamnegeriarranirybandaaceh.ac.id
Institut Teknologi Bandung,Arsitektur Lanskap,S2,KOSONG,Gagal,arsitekturlanskap@institutteknologibandung.ac.id
Universitas Indonesia,Arsitektur,S3,arsitektur@eng.ui.ac.id,Gagal,arsitektur@universitasindonesia.ac.id
Universitas Amikom Yogyakarta,Arsitektur,S1,-,Email Kosong,arsitektur@universitasamikomyogyakarta.ac.id
Universitas Indraprasta PGRI,Arsitektur,S1,kampus@unindra.ac.id,Sukses,arsitektur@universitasindraprastapgri.ac.id
Universitas Kristen Duta Wacana,Arsitektur,S1,fad@staff.ukdw.ac.id,Sukses,arsitektur@universitaskristendutawacana.ac.id
Universitas Pancasila,Arsitektur,S1,ars.ftup@univpancasila.ac.id,Sukses,arsitektur@universitaspancasila.ac.id
Institut Teknologi Nasional Malang,Arsitektur,S1,arsitektur-s1@itn.ac.id,Sukses,arsitektur@institutteknologinasionalmalang.ac.id
Universitas Sebelas Maret,Arsitektur,S2,s2arsitektur@ft.uns.ac.id,Gagal,arsitektur@universitassebelasmaret.ac.id
Universitas Pelita Bangsa,Arsitektur,S1,arsitektur@pelitabangsa.ac.id,Sukses,arsitektur@universitaspelitabangsa.ac.id
Universitas Almuslim,Arsitektur,S1,KOSONG,Gagal,arsitektur@universitasalmuslim.ac.id
Universitas Widya Kartika,Arsitektur,S1,info@widyakartika.ac.id,Sukses,arsitektur@universitaswidyakartika.ac.id
Universitas Bengkulu,Arsitektur,S1,KOSONG,Gagal,arsitektur@universitasbengkulu.ac.id
Universitas Pradita,Arsitektur,S1,info@pradita.ac.id,Sukses,arsitektur@universitaspradita.ac.id
Universitas Syiah Kuala,Arsitektur,S1,arsitektur@unsyiah.ac.id,Gagal,arsitektur@universitassyiahkuala.ac.id
Universitas 17 Agustus 1945 Surabaya,Arsitektur,S2,marsitektur@untag-sby.ac.id,Sukses,arsitektur@universitas17agustus1945surabaya.ac.id
Institut Teknologi Sumatera,Arsitektur,S1,ar@itera.ac.id,Sukses,arsitektur@institutteknologisumatera.ac.id
Universitas Negeri Malang,Arsitektur,S1,KOSONG,Gagal,arsitektur@universitasnegerimalang.ac.id
Universitas Gorontalo,Arsitektur,S1,universitas_gorontalo@yahoo.co.id,Sukses,arsitektur@universitasgorontalo.ac.id
Universitas Bangka Belitung,Arsitektur,S1,-,Email Kosong,arsitektur@universitasbangkabelitung.ac.id
Universitas Mercu Buana,Arsitektur,S2,umb@mercubuana.ac.id,Gagal,arsitektur@universitasmercubuana.ac.id
Institut Teknologi Indonesia,Arsitektur,S1,-,Email Kosong,arsitektur@institutteknologiindonesia.ac.id
Universitas Mahakarya Asia,Arsitektur,S1,akademik@unmaha.ac.id,Sukses,arsitektur@universitasmahakaryaasia.ac.id
Universitas Bung Hatta,Arsitektur,S1,humas@bunghatta.ac.id,Sukses,arsitektur@universitasbunghatta.ac.id
Universitas Gadjah Mada,Doktor Arsitektur,S3,amiyesa@ugm.ac.id hartonograd@ugm.ac.id,Gagal,doktorarsitektur@universitasgadjahmada.ac.id
Universitas Tarumanagara,Arsitektur,S2,prodi.s2ars@ft.untar.ac.id,Sukses,arsitektur@universitastarumanagara.ac.id
Universitas Islam Indonesia,Arsitektur,S2,architecture@uii.ac.id,Gagal,arsitektur@universitasislamindonesia.ac.id
Universitas Katolik Musi Charitas,Arsitektur,S1,rektorat@ukmc.ac.id,Sukses,arsitektur@universitaskatolikmusicharitas.ac.id
Universitas Muhammadiyah Palembang,Arsitektur,S1,tek_arsitektur@plasa.com,,
Universitas Islam Zainul Hasan Genggong Probolinggo,Ilmu Seni Dan Arsitektur Islam,S1,-,,
Universitas Halu Oleo,Teknik Arsitektur,D-III,d3arsitektur@uho.ac.id,,
Universitas Sains Alqur An,Arsitektur,S1,arsitektur@unsiq.ac.id,,
Universitas Merdeka Malang,Arsitektur,S2,magister.arsitektur@unmer.ac.id,,
Universitas Aisyiyah Yogyakarta,Arsitektur,S1,info@unisayogya.ac.id,,
Universitas Khairun,Arsitektur,S1,,,
Universitas 17 Agustus 1945 Samarinda,Arsitektur,S1,arsitektur@untag-smd.ac.id,,
Universitas Satyagama,Arsitektur,S1,info@satyagama.ac.id,,
Universitas Surakarta,Arsitektur,S1,arsitektur.unsa@gmail.com,,
Sekolah Tinggi Teknik Multimedia Internasional Malang,Arsitektur,S1,-,,
Universitas Gadjah Mada,Arsitektur,S1,archiplan@ugm.ac.id,,
Universitas Halu Oleo,Arsitektur,S1,KOSONG,,
Universitas Bosowa,Arsitektur,S1,info@universitasbosowa.ac.id,,
Universitas Mataram,Arsitektur,S1,KOSONG,,
Universitas Brawijaya,Arsitektur Lingkungan Binaan,S2,KOSONG,,
Universitas Bung Karno,Arsitektur,S1,KOSONG,,
Institut Teknologi Nasional Bandung,Arsitektur,S1,humas@itenas.ac.id,,
Universitas Muhammadiyah Makassar,Arsitektur,S1,KOSONG,,
Universitas Pembangunan Nasional Veteran Jawa Timur,Arsitektur,S1,arsitektur.upn.jatim@gmail.com,,
Universitas PGRI Yogyakarta,Arsitektur,S1,KOSONG,,
Universitas Pohuwato,Arsitektur,S1,-,,
Universitas Indonesia,Arsitektur Interior,S1,arsitektur@eng.ui.ac.id,,
Institut Teknologi Sepuluh Nopember,Arsitektur,S2,arsitektur@its.ac.id,,
Universitas Diponegoro,Arsitektur,S2,mtaundip94@yahoo.com,,
Universitas Sains Dan Teknologi Jayapura,Arsitektur,S1,arsitektur.ustj@yahoo.com,,
Sekolah Tinggi Teknologi Cirebon,Arsitektur,S1,info@sttcirebon.ac.id,,
Universitas Diponegoro,Arsitektur,S1,arsitektur@ftundipacid,,
Institut Teknologi Budi Utomo,Arsitektur,S1,-,,
Universitas Bumi Hijrah Tidore,Arsitektur,S1,-,,
Universitas Adiwangsa Jambi,Arsitektur,S1,arsitektur@unaja.ac.id,,
Universitas Kebangsaan Republik Indonesia,Arsitektur,S1,ftsp@ukri.ac.id,,
Universitas Katolik Soegijapranata,Arsitektur,S3,psda@unika.ac.id,,
Institut Teknologi Dan Bisnis Ahmad Dahlan,Arsitektur,S1,-,,
Universitas Pembangunan Jaya,Arsitektur,S1,info@upj.ac.id / prodi@arsitektur.upj.ac.id,,
Universitas Riau,Arsitektur,S1,arsitektur@unri.ac.id,,
Universitas Pendidikan Mandalika,Arsitektur,D-III,KOSONG,,
Universitas Dwijendra,Arsitektur,S1,arsitekturdwijendra@gmail.com,,
Universitas Ciputra Surabaya,Arsitektur,S1,info@ciputra.ac.id,,
Universitas Tanjungpura,Arsitektur,S1,architecture@untan.ac.id,,
Universitas Mulawarman,Arsitektur,S1,KOSONG,,
Institut Teknologi Bandung,Arsitektur,S3,sekres2@ar.itb.ac.id,,
Sekolah Tinggi Teknik Malang,Arsitektur,S1,stt@stt.ac.id,,
Universitas Musamus Merauke,Arsitektur,S1,arsitek@unmus.ac.id,,
Universitas Citra Bangsa,Arsitektur,S1,-,,
Universitas Bandar Lampung,Arsitektur,S1,arsitektur@ubl.ac.id,,
Universitas Tadulako,Arsitektur,S1,KOSONG,,
Universitas Kristen Indonesia,Arsitektur,S2,pps-mih@uki.ac.id,,
Universitas Kristen Petra,Arsitektur,S2,-,,
Politeknik Negeri Samarinda,Arsitektur,D-III,humas@polnes.ac.id,,
Universitas Riau Kepulauan,Arsitektur,S1,ft_unrika@yahoo.com,,
Universitas Balikpapan,Arsitektur,S1,arsitektur@uniba-bpn.ac.id,,
Universitas Tompotika Luwuk Banggai,Arsitektur,S1,KOSONG,,
Universitas Flores,Arsitektur,S1,ars_uniflor@yahoo.co.id,,
Universitas Ichsan Sidenreng Rappang,Arsitektur,S1,-,,
Universitas Islam Negeri Maulana Malik Ibrahim Malang,Teknik Arsitektur,S1,KOSONG,,
Institut Teknologi Bandung,Ilmu Seni Rupa Dan Desain,S3,fsrditb@yahoo.com,,
Universitas Cendekia Mitra Indonesia,Desain Komunikasi Visual,S1,KOSONG,,
Universitas Pertiwi,Desain Komunikasi Visual,S1,-,,
Politeknik Negeri Malang,Optimasi Desain Mekanik,S3 Terapan,KOSONG,,
Universitas Internasional Jakarta,Desain Komunikasi Visual,S1,KOSONG,,
Institut Seni Indonesia Yogyakarta,Desain Mode Kriya Batik,D-IV,KOSONG,,
Universitas Sains Indonesia,Desain Grafis,S1,-,,
Universitas Muhammadiyah Tegal,Desain Produk,D-III,KOSONG,,
Institut Seni Indonesia Denpasar,Desain,S3,-,,
Institut Modern Arsitektur Dan Teknologi,Desain Komunikasi Visual,S1,-,,
Universitas Ciputra Surabaya,Desain Komunikasi Visual,S1,info@ciputra.ac.id,,
Universitas Kristen Petra,Desain Komunikasi Visual,S1,kj-dkv@petra.ac.id,,
Universitas Bina Nusantara,Desain Komunikasi Visual (Kampus Kota Semarang),S1,nudin@binus.edu,,
Universitas Telkom,Desain Komunikasi Visual,S1,info@telkomuniversity.ac.id,,
Universitas Katolik Soegijapranata,Desain Komunikasi Visual,S1,unika@unika.ac.id,,
Universitas Telkom,Desain Produk,S1,info@talkomuniversity.ac.id,,
Universitas Informatika Dan Bisnis Indonesia,Desain Komunikasi Visual,S1,e_unibi@unibi.ac.id,,
Universitas Kristen Petra,Desain Interior,S1,kj-intrr@petra.ac.id,,
Universitas Komputer Indonesia,Desain,S2,infopasca-mds@unikom.ac.id,,
Universitas Surabaya,Desain Produk,S1,fik@ubaya.ac.,,
Politeknik Kreatif Indonesia,Desain Mode,D-IV,info@cpi.ac.id,,
Universitas Negeri Padang,Pendidikan Vokasional Desain Fashion,S1,KOSONG,,
Universitas Widyatama,Desain Grafis,D-IV,fdkv@widyatama.ac.id,,
Universitas Wiraraja,Desain Komunikasi Visual,S1,KOSONG,,
Universitas PGRI Silampari,Desain Komunikasi Visual,S1,KOSONG,,
Universitas Pembangunan Nasional Veteran Jawa Timur,Desain Interior,S1,KOSONG,,
Universitas Bina Nusantara,Desain Komunikasi Visual (Kampus Kota Medan),S1,citra.fadillah@binus.edu,,
Institut Seni Indonesia Denpasar,Desain,S2,-,,
Universitas Pelita Harapan,Desain Interior,S1,info.medan@uph.edu,,
Akademi Kesejahteraan Sosial AKK,Desain Busana,D-III,KOSONG,,
Universitas Dinamika,Desain Komunikasi Visual,S1,official@dinamika.ac.id,,
Universitas Ichsan Gorontalo,Desain Komunikasi Visual,S1,KOSONG,,
Institut Teknologi Bandung,Desain Interior,S1,fsrditb@yahoo.com,,
Politeknik TEDC,Mekanik Industri Dan Desain,D-IV,poltek_tedc@yahoo.com,,
Institut Bisnis Dan Teknologi Indonesia,Desain Komunikasi Visual,S1,humas@instiki.ac.id,,
Universitas Bhinneka Nusantara,Desain Komunikasi Visual,S1,-,,
Universitas Sahid Surakarta,Desain Interior,S1,desain.interior@usahidsolo.ac.id,,
Politeknik Seni Yogyakarta,Desain Komunikasi Visual,D-III,poliseniyogyakarta@gmail.com,,
Universitas Negeri Jakarta,Desain Mode,D-IV,Str_desainmode@unj.ac.id,,
Universitas Teknologi Digital,Desain Komunikasi Visual,S1,-,,
Universitas Trilogi,Desain Komunikasi Visual,S1,info@universitas-trilogi.ac.id,,
Institut Seni Budaya Indonesia Aceh,Desain Komunikasi Visual,S1,KOSONG,,
Universitas Sebelas Maret,Desain Mode,S1,KOSONG,,
Politeknik Tempo,Desain Media,D-IV,admindm@politekniktempo.ac.id,,
Institut Informatika Indonesia Surabaya,Desain Produk,S1,desain@ikado.ac.id,,
Institut Teknologi Sains Bandung,Desain Produk,S1,office@itsb.ac-id.net,,
Institut Seni Budaya Indonesia Bandung,Desain Interior,S1,KOSONG,,
Institut Komunikasi Dan Bisnis LSPR,Desain Media,D4,-,,
Universitas Kristen Petra,Desain,S2,-,,
Universitas Mulia,Desain Komunikasi Visual,S1,-,,
Institut Seni Indonesia Surakarta,Desain Produk Industri,S1,KOSONG,,
Universitas Fort De Kock,Desain Komunikasi Visual,S1,-,,
Institut Teknologi Adhi Tama Surabaya,Desain Produk,S1,despro.dept@itats.ac.id,,
Institut Informatika Dan Bisnis Darmajaya,Desain Komunikasi Visual,S1,dkv@darmajaya.ac.id,,
Universitas Bina Insani,Desain Komunikasi Visual,S1,info@binainsani.ac.id,,
Universitas Sebelas Maret,Desain Media Digital,D4,KOSONG,,
Universitas Tiga Serangkai,Desain Produk Tekstil,D-III,KOSONG,,
Universitas Tiga Serangkai,Desain Komunikasi Visual,D-III,KOSONG,,
Institut Seni Indonesia Surakarta,Desain Komunikasi Visual,S1,direct@isi-ska.ac.id,,
Institut Teknologi Sepuluh Nopember,Desain Interior,S1,Interior@its.ac.id,,
Universitas Muhammadiyah Surabaya,Desain Komunikasi Visual,S1,KOSONG,,
Universitas Pradita,Desain Interior,S1,info@pradita.ac.id,,
Universitas Telkom,Desain Komunikasi Visual (Kampus Jakarta),S1,KOSONG,,
Universitas Ibn Khaldun Bogor,Pendidikan Vokasional Desain Fashion,S1,KOSONG,,
Universitas Pelita Harapan,Desain Produk,S1,sod.product@uph.edu,,
Sekolah Tinggi Teknologi Muhammadiyah AR Fachruddin,Desain Komunikasi Visual,S1,KOOSNG,,
Universitas Persada Indonesia Yai,Desain Komunikasi Visual,S1,dkvupiyai@gmail.com,,
Institut Teknologi Dan Bisnis Tuban,Desain Komunikasi Visual,S1,-,,
Institut Seni Budaya Indonesia Aceh,Desain Interior,S1,-,,
Universitas Kristen Duta Wacana,Desain Produk,S1,fad@staff.ukdw.ac.id,,
Universitas Kristen Maranatha,Desain Komunikasi Visual,S1,viscom.creahum@maranatha.edu,,
Universitas Ciputra Surabaya,Desain Mode,S1,KOSONG,,
Institut Seni Indonesia Denpasar,Desain Produk,S1,KOSONG,,
Universitas Negeri Yogyakarta,Desain Komunikasi Visual,S1,KOSONG,,
Universitas Dian Nuswantoro,Desain Komunikasi Visual,S1,sekretariat@dinus.ac.id,,
Universitas Sampoerna,Desain Komunikasi Visual,S1,maria.wahyuni@sampoernafoundation.org,,
Universitas Pelita Harapan,Desain Komunikasi Visual,S1,KOSONG,,
Universitas Multimedia Nusantara Jakarta,Desain,S2,-,,
Universitas Esa Unggul,Desain Produk,S1,-,,
Universitas Multi Data Palembang,Desain Komunikasi Visual,S1,kuliah@mdp.ac.id,,
Universitas Muhammadiyah Kendari,Desain Komunikasi Visual,S1,KOSONG,,
Universitas Negeri Malang,Desain Komunikasi Visual,S1,info@sastra.um.ac.id,,
Universitas Adzkia,Desain Komunikasi Visual,S1,-,,
Universitas Islam Negeri Syekh AIi Hasan Ahmad Addary Padangsidimpuan,Desain Komunikasi Visual,S1,dkv@uinsyahada.ac.id,,
Universitas Prima Indonesia,Desain Komunikasi Visual,S1,KOSONG,,
Institut Seni Indonesia Yogyakarta,Desain Produk,S1,arts@isi.ac.id,,
Universitas Satu,Desain Komunikasi Visual,S1,-,,
Politeknik Bali Maha Werdhi,Desain Komunikasi Visual,D-III,info@politeknikbmw.ac.id,,
Universitas Al Hikmah Jepara,Desain Komunikasi Visual,S1,-,,
Universitas Awal Bros,Desain Komunikasi Visual,S1,-,,
Universitas Primakara,Desain Komunikasi Visual,S1,-,,
Universitas Pendidikan Indonesia,Desain Produk Industri Kampus Tasikmalaya,S1,desainprodukindustri@upi.edu,,
Institut Desain Dan Bisnis Bali,Desain,S2,-,,
Politeknik Negeri Jakarta,Desain Grafis,D-IV,grafika@pnj.ac.id,,
Universitas Trilogi,Desain Produk,S1,info@universitas-trilogi.ac.id,,
Institut Teknologi Dan Bisnis Kristen Bukit Pengharapan,Desain Komunikasi Visual,S1,KOSONG,,
Universitas Agung Podomoro,Desain Produk,S1,rektorat@podomorouniversity.ac.id,,
Universitas Mercu Buana,Desain Komunikasi Visual,S1,umb@mercubuana.ac.id,,
Akademi Kesejahteraan Sosial Ibu Kartini,Desain Mode,D-IV,aksibukartini_smg@yahoo.com,,
Institut Informatika Dan Bisnis Darmajaya,Desain Interior,S1,designinterior@darmajaya.ac.id,,
Institut Teknologi Dan Bisnis Palcomtech,Desain Komunikasi Visual,D-III,KOSONG,,
Institut Teknologi Telkom Purwokerto,Desain Produk,S1,KOSONG,,
Universitas Indraprasta PGRI,Desain Komunikasi Visual,S1,kampus@unindra.ac.id,,
Institut Seni Indonesia Denpasar,Desain Mode,D-IV,rektor@isi-dps.ac.id,,
Institut Sains Dan Teknologi Terpadu Surabaya,Desain Komunikasi Visual,S1,dkv@istts.ac.id,,
Universitas Pembangunan Nasional Veteran Jawa Timur,Desain Komunikasi Visual,S1,KOSONG,,
Institut Teknologi Dan Bisnis Kalbis,Desain Komunikasi Visual,S1,,,
Universitas Maarif Hasyim Latif,Desain Komunikasi Visual,S1,dkv@umaha.ac.id,,
Universitas Presiden,Desain Komunikasi Visual,S1,vcd@president.ac.id,,
Universitas Esa Unggul,Desain Interior,S1,-,,
Universitas Syekh Yusuf Al Makassari Gowa,Desain Komunikasi Visual,S1,-,,
Universitas Metamedia,Desain Komunikasi Visual,S1,-,,
Universitas Ngudi Waluyo,Pendidikan Vokasional Desain Fashion,S1,desainfashion@unw.ac.id,,
Institut Desain Dan Bisnis Bali,Desain Interior,S1,info@idbbali.ac.id,,
Universitas Negeri Makassar,Desain Komunikasi Visual,S1,KOSONG,,
Universitas Hindu Negeri I Gusti Bagus Sugriwa Denpasar,Desain Komunikasi Visual,S1,-,,
Universitas Lancang Kuning,Desain Interior,S1,KOSONG,,
Universitas Pendidikan Ganesha,Desain Komunikasi Visual,D-III,dkv@undiksha.ac.id,,
Universitas Swadaya Gunung Djati,Desain Komunikasi Visual,S1,KOSONG,,
Sekolah Tinggi Desain Indonesia Bandung,Desain Komunikasi Visual,S1,stdi.bandung@stdi.ac.id,,
Institut Teknologi Nasional Bandung,Desain Interior,S1,humas@itenas.ac.id,,
Universitas Telkom,Desain Komunikasi Visual (Kampus Kabupaten Banyumas),S1,KOSONG,,
Universitas Telkom,Desain Produk (Kampus Kabupaten Banyumas),S1,KOSONG,,
Institut Kesenian Jakarta,Desain Komunikasi Visual,S1,deskov@ikj.ac.id,,
Institut Teknologi Sepuluh Nopember,Desain Interior,S2,KOSONG,,
Institut Teknologi Kalimantan,Desain Komunikasi Visual,S1,dkv@itk.ac.id,,
Universitas Matana,Desain Komunikasi Visual,S1,-,,
Universitas Wanita Internasional,Desain Komunikasi Visual,S1,dkv@iwu.ac.id,,
Universitas Wanita Internasional,Desain Interior,S1,di@iwu.ac.id,,
Universitas Surabaya,Desain Komunikasi Visual,S1,KOSONG,,
Universitas Ciputra Surabaya,Desain Komunikasi Visual (Kampus Kota Makassar),S1,KOSONG,,
Universitas Bumigora,Desain Komunikasi Visual,S1,dkv@universitasbumigora.ac.id,,
Universitas Indonesia Mandiri,Desain Komunikasi Visual,S1,info@uimandiri.ac.id,,
Institut Kesenian Jakarta,Desain Interior,S1,desaininterior@ikj.ac.id,,
Universitas LIA,Desain Komunikasi Visual,S1,info@universitaslia.ac.id,,
Universitas Negeri Malang,Desain Mode,D-IV,KOSONG,,
Universitas Putra Indonesia Yptk Padang,Desain Komunikasi Visual,S1,admin@upiyptk.ac.id,,
Politeknik Negeri Samarinda,Desain Produk Kayu Dan Serat,D-IV,KOSONG,,
Universitas Komputer Indonesia,Desain Grafis,D-III,dg@email.unikom.ac.id,,
Institut Desain Dan Bisnis Bali,Desain Komunikasi Visual,S1,info@idbbali.ac.id,,
Universitas Teknologi Bandung,Desain Komunikasi Visual,S1,KOSONG,,
Universitas Catur Insan Cendekia,Desain Komunikasi Visual,S1,-,,
Universitas Gunadarma,Desain Interior,S1,KOSONG,,
Universitas Pasundan,Desain Komunikasi Visual,S1,dkv-unpas@yahoo.com,,
Institut Teknologi Dan Bisnis Asia Malang,Desain Komunikasi Visual,S1,dkv@asia.ac.id,,
Universitas Brawijaya,Desain Grafis,D-IV,psdesain@ub.ac.id,,
STMIK Amik Bandung,Desain Komunikasi Visual,S1,-,,
Institut Teknologi Bandung,Desain,S2,fsrditb@yahoo.com,,
Universitas Bina Nusantara,Desain,S2,ferric.limano@binus.edu,,
Institut Seni Indonesia Padang Panjang,Desain Komunikasi Visual,S1,isi@isi-padangpanjang.ac.id,,
Universitas Nahdlatul Ulama Pasuruan,Desain Komunikasi Visual,S1,-,,
Institut Teknologi Bandung,Desain Komunikasi Visual,S1,fsrditb@yahoo.com,,
Universitas Kristen Maranatha,Desain Interior,S1,admission@maranatha.edu,,
Institut Filsafat Dan Teknologi Kreatif Ledalero,Desain Komunikasi Visual,S1,dkvprodifitk@gmail.com,,
Sekolah Tinggi Desain LaSalle,Fashion Desain,D-IV,infojkt@lasallecollege.ac.id,,
Universitas Sebelas Maret,Desain Komunikasi Visual,D-III,KOSONG,,
Universitas Potensi Utama,Desain Interior,S1,info@potensi-utama.ac.id,,
Universitas Bina Nusantara,Desain Produk,S1,rparamita@binus.edu,,
Universitas Ma Chung,Desain Komunikasi Visual -,S1,-,,
Universitas Potensi Utama,Desain Komunikasi Visual,S1,info@potensi-utama.ac.id,,
Universitas Sains Dan Teknologi Komputer,Desain Komunikasi Visual,S1,KOSONG,,
Universitas Internasional Semen Indonesia,Desain Komunikasi Visual,S1,-,,
Institut Seni Indonesia Denpasar,Desain Interior,S1,desain@isi-dps.ac.id,,
Institut Seni Indonesia Denpasar,Desain Komunikasi Visual,S1,dkv@isi-dps.ac.id,,
Universitas Bunda Mulia,Desain Komunikasi Visual,S1,info@ubm.ac.id,,
Institut Informatika Indonesia Surabaya,Desain Komunikasi Visual,S1,desain@ikado.ac.id,,
Universitas Pembangunan Jaya,Desain Produk,S1,info@upj.ac.id /dpi@upj.ac.id,,
Universitas Nusa Nipa,Desain Komunikasi Visual,S1,KOSONG,,
Universitas Kalbis,Desain Komunikasi Visual,S1,-,,
Universitas PGRI Jombang,Desain Komunikasi Visual,S1,dkv@upjb.ac.id,,
Institut Seni Indonesia Padang Panjang,Desain Produk,S1,-,,
Sekolah Tinggi Desain Indonesia Bandung,Desain Interior,S1,stdi.bandung@stdi.ac.id,,
Universitas Hayam Wuruk Perbanas,Desain Komunikasi Visual,S1,sarjanadkv@hayamwuruk.ac.id,,
Institut Kesenian Jakarta,Desain Produk,S1,desainproduk@ikj.ac.id,,
Institut Seni Budaya Indonesia Bandung,Desain Komunikasi Visual,S1,-,,
Universitas Muhammadiyah Purwokerto,Desain Komunikasi Visual,S1,KOSONG,,
Universitas Nusa Putra,Desain Komunikasi Visual,S1,-,,
Universitas Nahdlatul Ulama Sidoarjo,Desain Komunikasi Visual,S1,-,,
Universitas Pembangunan Jaya,Desain Komunikasi Visual,S1,info@upj.ac.id,,
Universitas Negeri Surabaya,Desain Komunikasi Visual,S1,s1-dkv@unesa.ac.id,,
Universitas Telkom,Desain Interior,S1,info@telkomuniversity.ac.id,,
Universitas Trisakti,Desain Produk,S2,fsrd@triskti.ac.id,,
Universitas Tarumanagara,Desain Komunikasi Visual,S1,dkv@untar.ac.id,,
Universitas Indo Global Mandiri,Desain Komunikasi Visual,S1,dkv@uigm.ac.id,,
Universitas Mercu Buana,Desain Interior,S1,umb@mercubuana.ac.id,,
Universitas Prasetiya Mulya,Desain Produk,S1,info@prasetiyamulya.ac.id,,
Sekolah Tinggi Desain LaSalle,Desain Interior,S1,-,,
Universitas Dian Nuswantoro,Desain Komunikasi Visual (Kampus Kota Kediri),S1,KOSONG,,
Universitas Aufa Royhan,Pendidikan Vokasional Desain Fashion,S1,KOSONG,,
Universitas Komputer Indonesia,Desain Komunikasi Visual,S1,dkv@email.unikom.ac.id,,
Universitas Selamat Sri,Desain Komunikasi Visual,S1,-,,
Politeknik Bina Madani,Desain Media,D-IV,KOSONG,,
Universitas Telkom,Desain,S2,info@telkomuniversity.ac.id,,
Akademi Seni Rupa Dan Desain MSD,Desain Komunikasi Visual,D-III,contact@msd.ac.id,,
Universitas Bina Nusantara,Desain Interior,S1,a.wulandari@binus.edu,,
Universitas Paramadina,Desain Produk,S1,info@paramadina.ac.id,,
Sekolah Tinggi Seni Rupa Dan Desain Visi Indonesia,Desain Komunikasi Visual,S1,info@stsrdvisi.ac.id,,
Institut Teknologi Nasional Bandung,Desain Komunikasi Visual,S1,humas@itenas.ac.id,,
Universitas Komputer Indonesia,Desain Interior,S1,di.unikom.ac.id,,
Institut Sains Dan Teknologi Al-Kamal,Desain Komunikasi Visual,S1,KOSONG,,
Universitas Mercu Buana,Desain Produk,S1,umb@mercubuana.ac.id,,
Universitas Negeri Semarang,Desain Komunikasi Visual,D-III,d3dkv@mail.unnes.ac.id,,
Institut Seni Budaya Indonesia Tanah Papua,Desain Komunikasi Visual,S1,-,,
Institut Teknologi Sepuluh Nopember,Desain Produk,S1,despro@its.ac.id,,
Sekolah Tinggi Seni Rupa Dan Desain Visi Indonesia,Desain Komunikasi Visual,D-III,info@stsrdvisi.ac.id,,
Universitas Islam Nahdlatul Ulama Jepara,Desain Produk,S1,faksaintek@unisnu.ac.id,,
Institut Seni Indonesia Padang Panjang,Desain Mode,D-IV,isi@isi-padangpanjang.ac.id,,
Universitas Negeri Surabaya,Desain Grafis,D-IV,strdesgraf@unesa.ac.id,,
Universitas Bina Nusantara,Desain Komunikasi Visual,S1,dadi@binus.edu,,
Institut Teknologi Bandung,Desain Produk,S1,fsrditb@yahoo.com,,
Universitas Paramadina,Desain Komunikasi Visual,S1,info@paramadina.ac.id,,
Institut Seni Indonesia Yogyakarta,Desain Interior,S1,arts@isi.ac.id,,
Institut Teknologi Dan Bisnis Stikom Ambon,Desain Komunikasi Visual,S1,-,,
Universitas Tarumanagara,Desain Interior,S1,di@untar.ac.id,,
Institut Komunikasi Dan Bisnis LSPR,Desain Komunikasi Visual,S1,yayasan.pps@lspr.edu,,
Universitas Sebelas Maret,Desain Komunikasi Visual,S1,KOSONG,,
Universitas Muhammadiyah Tangerang,Desain Komunikasi Visual,S1,parinkrafumt@gmail.com,,
Politeknik Harapan Bersama,Desain Komunikasi Visual,D-III,KOSONG,,
Politeknik Negeri Media Kreatif,Desain Mode,D-IV,KOSONG,,
Politeknik Perkapalan Negeri Surabaya,Teknik Desain Dan Manufaktur,D-IV,humas@ppns.ac.id,,
Universitas Trisakti,Desain Produk,S1,fsrd@trisakti.ac.id,,
Sekolah Tinggi Desain Interstudi,Desain Interior,S1,stdi@interstudi.edu,,
Sekolah Tinggi Media Komunikasi Trisakti,Desain Komunikasi Visual,S1,KOSONG,,
Akademi Seni Dan Desain Indonesia Surakarta,Desain Komunikasi Visual,D-III,info@asdi.ac.id,,
Akademi Seni Dan Desain Indonesia Surakarta,Desain Produk Tekstil,D-III,info@asdi.ac.id,,
Universitas Sebelas Maret,Desain Interior,S1,desinter_uns@yahoo.co.id,,
Universitas 'Aisyiyah Bandung,Desain Komunikasi Visual,S1,dkv@unisa-bandung.ac.id,,
Universitas Kristen Satya Wacana,Desain Komunikasi Visual,S1,fti@adm.uksw.edu,,
Politeknik Sains Seni Rekakreasi,Desain Komunikasi Visual,D-III,KOSONG,,
Institut Teknologi Harapan Bangsa,Desain Komunikasi Visual,S1,egi@ithb.ac.id,,
Universitas Pradita,Desain Komunikasi Visual,S1,info@pradita.ac.id,,
Institut Teknologi Dan Sains Nahdlatul Ulama Pasuruan,Desain Komunikasi Visual,S1,dkv@itsnupasuruan.ac.id,,
Universitas Negeri Padang,Desain Komunikasi Visual,S1,KOSONG,,
Institut Manajemen Wiyata Indonesia,Desain Grafis,S1,ps.desaingrafis@imwi.ac.id,,
Politeknik Industri Furnitur Dan Pengolahan Kayu,Desain Furnitur,D-III,KOSONG,,
Institut Teknologi Harapan Bangsa,Desain Produk,S1,-,,
Akademi Kesejahteraan Sosial Ibu Kartini,Desain Busana,D-III,aksibukartini_smg@yahoo.com,,
Institut Teknologi Batam,Desain Komunikasi Visual,S1,info@iteba.ac.id,,
Akademi Teknik PIKA,Desain Interior,D-III,KOSONG,,
Institut Teknologi Dan Bisnis Ahmad Dahlan,Desain Komunikasi Visual,S1,info@itb-ad.ad.id,,
Universitas Adhirajasa Reswara Sanjaya,Desain Komunikasi Visual,S1,dkv@ars.ac.id,,
Universitas Kuningan,Desain Komunikasi Visual,S1,-,,
Universitas Bina Nusantara,Desain Interior (Kampus Kota Bandung),S1,friska.amalia@binus.edu,,
Universitas Bina Nusantara,Desain Komunikasi Visual (Kampus Kota Bandung),S1,adrianto.t@binus.edu,,
Universitas Bina Nusantara,Desain Interior (Kampus Kota Malang),S1,ira.agustina@binus.edu,,
Universitas Nahdlatul Ulama Kalimantan Timur,Desain Interior,S1,KOSONG,,
Politeknik Negeri Pontianak,Desain Kawasan Binaan,D-IV,jta.polnep@gmail.com,,
Institut Teknologi Sumatera,Desain Komunikasi Visual,S1,-,,
Universitas Sahid Surakarta,Desain Komunikasi Visual,S1,evelynehenny@gmail.com,,
Universitas Bina Nusantara,Desain Komunikasi Visual (Kampus Kota Malang),S1,vabednego@binus.edu,,
Universitas Teknologi Indonesia,Desain Produk,S1,KOSONG,,
Politeknik Muhammadiyah Tegal,Desain Produk,D-III,KOSONG,,
Politeknik Negeri Media Kreatif,Desain Grafis (Kampus Makassar),D-III,KOSONG,,
Universitas Ciputra Surabaya,Desain Produk,S1,KOSONG,,
Universitas Budi Luhur,Desain Komunikasi Visual,S1,dkv@budiluhur.ac.id,,
Institut Sains Dan Teknologi Terpadu Surabaya,Desain Produk,S1,rektorat@istts.ac.id,,
Institut Desain Dan Bisnis Bali,Desain Mode,D-IV,info@idbbali.ac.id,,
Institut Teknologi Sepuluh Nopember,Desain Komunikasi Visual,S1,dkv@its.ac.id,,
STIKI Malang,Desain Komunikasi Visual,S1,dkv@stiki.ac.id,,
Institut Teknologi Telkom Purwokerto,Desain Komunikasi Visual,S1,-,,
Universitas Pendidikan Indonesia,Desain Komunikasi Visual,S1,dkv_fpsd@upi.edu,,
Universitas Indonesia Mandiri,Desain Komunikasi Visual,S1,info@uimandiri.ac.id,,
Akademi Seni Rupa Dan Desain ISWI Jakarta,Desain Produk,D-III,kampusasride_iswi@ymail.com,,
STKIP Pangeran Antasari,Pendidikan Vokasional Desain Fashion,S1,-,,
Universitas Esa Unggul,Desain Komunikasi Visual,S1,KOSONG,,
Universitas Trisakti,Desain Komunikasi Visual,S1,trisakti@.ac.id,,
Sekolah Tinggi Desain Interstudi,Desain Produk,S1,stdi@interstudi.edu,,
Sekolah Tinggi Desain Interstudi,Desain Komunikasi Visual,S1,stdi@interstudi.edu,,
Universitas Multimedia Nusantara,Desain Komunikasi Visual,S1,dkv@umn.ac.id,,
Institut Seni Indonesia Yogyakarta,Desain Komunikasi Visual,S1,arts@isi.ac.id,,
Politeknik Negeri Media Kreatif,Desain Grafis,D-III,info@polimedia.ac.id,,
Universitas Trisakti,Desain Interior,S1,fsrd@trisakti.ac.id,,
Sekolah Tinggi Teknologi Bandung,Desain Komunikasi Visual,S1,info@sttbandung.ac.id,,
Institut Seni Indonesia Surakarta,Desain Interior,S1,direct@isi-ska.ac.id,,
Universitas Islam Nahdlatul Ulama Jepara,Desain Komunikasi Visual,S1,faksaintek@unisnu.ac.id,,
Universitas Halu Oleo,Perencanaan Dan Pengembangan Wilayah,S2,s2ppw@uho.ac.id,,
Universitas Mataram,Perencanaan Kepariwisataan,S2,KOSONG,,
Politeknik Internasional Bali,Perencanaan Dan Pengembangan Pariwisata,S2 Terapan,-,,
Universitas Brawijaya,Perencanaan Wilayah Dan Kota,S1,pwk@ub.ac.id,,
Institut Sains Dan Teknologi Muhammadiyah Tarakan,Perencanaan Wilayah Dan Kota,S1,-,,
Universitas Nahdlatul Ulama Maluku Utara,Perencanaan Wilayah Dan Kota,S1,-,,
Universitas Muhammadiyah Jambi,Perencanaan Wilayah Dan Kota,S1,KOSONG,,
Universitas Muhammadiyah Palopo,Perencanaan Wilayah Dan Kota,S1,KOSONG,,
Universitas Sintuwu Maroso Poso,Perencanaan Wilayah Dan Perdesaan,S2,KOSONG,,
Institut Teknologi Nasional Yogyakarta,Perencanaan Wilayah Dan Kota,S1,info@itny.ac.id,,
Institut Teknologi Nasional Malang,Perencanaan Wilayah Dan Kota,S1,planologi-s1@itn.ac.id,,
Institut Teknologi Sepuluh Nopember,Perencanaan Wilayah Dan Kota,S2,"tu_pwk@its.ac.id, kadep.pwk@its.ac.id",,
Institut Teknologi Sumatera,Perencanaan Wilayah Dan Kota,S1,pwk@itera.ac.id,,
Universitas Jember,Perencanaan Wilayah Dan Kota,S1,KOSONG,,
Universitas Muhammadiyah Pare-pare,Perencanaan Wilayah Dan Kota,S1,KOSONG,,
Universitas Teknologi Yogyakarta,Perencanaan Wilayah Dan Kota,S1,KOSONG,,
Universitas Simalungun,Perencanaan Wilayah Dan Kota,S2,usi_psi@yahoo.com,,
Universitas Negeri Yogyakarta,Pendidikan Teknik Sipil Dan Perencanaan,S1,sipil_uny@yahoo.com,,
Universitas Bangka Belitung,Perencanaan Wilayah Dan Kota,S1,KOSONG,,
Universitas Muhammadiyah Barru,Perencanaan Wilayah Dan Kota,S1,-,,
Universitas Islam Sultan Agung,Perencanaan Wilayah Dan Kota,S2,KOSONG,,
Universitas Muhammadiyah Sorong,Perencanaan Wilayah Dan Kota,S1,KOSONG,,
Universitas Krisnadwipayana,Perencanaan Wilayah Dan Kota,S1,"humas@unkris.ac,id",,
Universitas Sebelas Maret,Perencanaan Wilayah Dan Kota,S1,pwk@ft.uns.ac.id,,
Universitas Pasundan,Perencanaan Wilayah Dan Kota,S1,pwkftunpas@unpas.ac.id,,
Universitas Pembangunan Panca Budi,Perencanaan Wilayah Dan Kota,S2,KOSONG,,
Universitas Muhammadiyah Mataram,Perencanaan Wilayah Dan Kota,S1,baak_umm@telkom.net,,
Universitas Muhammadiyah Banjarmasin,Perencanaan Wilayah Dan Kota,S1,KOSONG,,
Institut Teknologi Nasional Bandung,Perencanaan Wilayah Dan Kota,S1,humas@itenas.ac.id,,
Universitas Jenderal Soedirman,Perencanaan Sumber Daya Lahan,D-III,KOSONG,,
Politeknik Pariwisata Medan,Perencanaan Dan Pengembangan Pariwisata,S2 Terapan,pascasarjana@poltekparmedan.ac.id,,
Universitas Brawijaya,Perencanaan Wilayah Dan Kota,S3,KOSONG,,
Institut Teknologi Bandung,Perencanaan Wilayah Dan Kota (Kampus Cirebon),S1,KOSONG,,
Universitas Sam Ratulangi,Ilmu Perencanaan Pembangunan Wilayah,S2,sim_usr@unsrat.ac.id,,
Universitas Sumatera Utara,Perencanaan Wilayah Dan Kota,S2,KOSONG,,
Universitas Sumatera Utara,Perencanaan Wilayah Dan Kota,S1,KOSONG,,
Politeknik Negeri Bali,Perencanaan Pariwisata,S2 Terapan,pariwisata@pnb.ac.id,,
Universitas PGRI Adi Buana,Perencanaan Wilayah Dan Kota,S1,pwk@unipasby.ac.id,,
Universitas Negeri Gorontalo,Perencanaan Wilayah Dan Kota,S1,KOSONG,,
Universitas Tarumanagara,Perencanaan Wilayah Dan Kota,S2,prodi.s2pwk@ft.untar.ac.id,,
Universitas Islam Sultan Agung,Perencanaan Wilayah Dan Kota,S1,informasi@unissula.ac.id,,
Universitas Hasanuddin,Ekonomi Pembangunan Dan Perencanaan,S2,info@pascaunhas.net,,
Universitas Maritim Raja Ali Haji (UMRAH),Perencanaan Wilayah Dan Kota,S1,KOSONG,,
Universitas Mahasaraswati Denpasar,Perencanaan Wilayah Dan Perdesaan,S2,KOSONG,,
Universitas Palangka Raya,Perencanaan Wilayah Dan Kota,S2,KOSONG,,
Universitas Hindu Indonesia,Perencanaan Wilayah Dan Kota,S1,infos1@unhi.ac.id,,
Universitas 17 Agustus 1945 Samarinda,Perencanaan Wilayah Dan Kota,S1,KOSONG,,
Universitas Trisakti,Perencanaan Wilayah Dan Kota,S1,faltl@trisakti.ac.id,,
Institut Pariwisata Dan Bisnis Internasional,Perencanaan Dan Pengembangan Pariwisata,S2 Terapan,KOSONG,,
Universitas Swadaya Gunung Djati,Perencanaan Wilayah Dan Kota,S1,perencanaanwilayahdankotaugj@gmail.com,,
Universitas Syiah Kuala,Perencanaan Wilayah Dan Kota,S1,pwk@unsyiah.ac.id,,
Universitas Tanjungpura,Perencanaan Wilayah Dan Kota,S1,KOSONG,,
Universitas Sulawesi Barat,Perencanaan Wilayah Dan Kota,S1,KOSONG,,
Universitas Diponegoro,Perencanaan Wilayah Dan Kota,S3,pdip@pwk.undip.ac.id,,
Politeknik Pariwisata NHI Bandung,Perencanaan Dan Pengembangan Pariwisata,S2 Terapan,KOSONG,,
Universitas Islam Negeri Alauddin Makassar,Teknik Perencanaan Wilayah Dan Kota,S1,KOSONG,,
Institut Pertanian Bogor,Ilmu Perencanaan Pembangunan Wilayah Dan Pedesaan,S3,pspwdipb@apps.ipb.ac.id,,
Institut Pertanian Bogor,Ilmu Perencanaan Pembangunan Wilayah Dan Pedesaan,S2,pspwdipb@apps.ipb.ac.id,,
Universitas Muhammadiyah Sinjai,Perencanaan Wilayah Dan Kota,S1,KOSONG,,
Universitas Pakuan,Perencanaan Wilayah Dan Kota,S1,fakultasteknik@unpak.ac.id,,
Universitas Tadulako,Perencanaan Wilayah Dan Kota,S1,KOSONG,,
Institut Teknologi Bandung,Perencanaan Wilayah Dan Kota,S1,itbpwk@pl.itb.ac.id,,
Universitas Sam Ratulangi,Perencanaan Wilayah Dan Kota,S1,info@unsrat.ac.id,,
Universitas Islam Bandung,Perencanaan Wilayah Dan Kota,S2,pascasarjana@unisba.ac.id,,
Universitas Gadjah Mada,Doktor Perencanaan Wilayah Dan Kota,S3,dpwk.ft@ugm.ac.id,,
Universitas Islam Riau,Perencanaan Wilayah Dan Kota,S1,KOSONG,,
Universitas Amikom Yogyakarta,Perencanaan Wilayah Dan Kota,S1,KOSONG,,
Institut Teknologi Bandung,Perencanaan Wilayah Dan Kota,S3,wsalim@pl.itb.ac.id,,
Universitas Winaya Mukti,Perencanaan Wilayah Dan Kota,S1,planologi@unwim.ac.id,,
Universitas Sebelas Maret,Perencanaan Wilayah Dan Kota,S2,s2pwk@ft.uns.ac.id,,
Universitas Agung Podomoro,Perencanaan Wilayah Dan Kota,S1,rektorat@podomorouniversity.ac.id,,
Universitas Negeri Surabaya,Perencanaan Wilayah Dan Kota,S1,KOSONG,,
Institut Teknologi Dan Bisnis Karya Pembangunan Papua,Perencanaan Wilayah Dan Kota,S1,-,,
Institut Teknologi Bandung,Perencanaan Kepariwisataan,S2,siti@sappk.itb.ac.id,,
Universitas Indonesia,Magister Perencanaan Ekonomi Dan Kebijakan Pembangunan,S2,KOSONG,,
Universitas Nahdlatul Ulama Kalimantan Selatan,Perencanaan Wilayah Dan Kota,S1,KOSONG,,
Universitas Sumatera Utara,Perencanaan Pembangunan Wilayah Dan Pedesaan,S2,s2pwd.spsusu@gmail.com,,
Universitas Hasanuddin,Perencanaan Dan Pengembangan Wilayah,S2,info@pascaunhas.net,,
Universitas Hasanuddin,Teknik Perencanaan Prasarana,S2,info@pascanunhas.net,,
Universitas Bosowa,Perencanaan Wilayah Dan Kota,S1,info@universitasbosowa.ac.id,,
Universitas Bosowa,Perencanaan Wilayah Dan Kota,S3,info@universitasbosowa.ac.id,,
Universitas Bina Taruna Gorontalo,Perencanaan Wilayah,S1,KOSONG,,
Politeknik Pariwisata Batam,Perencanaan Dan Pengembangan Pariwisata,S2 Terapan,s2tpd@btp.ac.id,,
Politeknik Negeri Padang,Teknik Perencanaan Irigasi Dan Rawa,D-IV,pnp@polinpdg.ac.id,,
Universitas Bung Hatta,Perencanaan Wilayah Dan Kota,S1,humas@bunghatta.ac.id,,
Universitas Muhammadiyah Makassar,Perencanaan Wilayah Dan Kota,S1,KOSONG,,
Universitas Hasanuddin,Perencanaan Wilayah Dan Kota,S1,arsitek@ft.unhas.ac.id,,
Universitas Muhammadiyah Berau,Perencanaan Wilayah Dan Kota,S1,info@umberau.ac.id,,
Universitas Sumatera Utara,Perencanaan Wilayah,S3,sps@usu.ac.id,,
Universitas Pohuwato,Perencanaan Wilayah,S1,KOSONG,,
Universitas Indonesia,Perencanaan Dan Kebijakan Publik,S2,info@mail.mpkp.ui.ac.id,,
Institut Teknologi Kalimantan,Perencanaan Wilayah Dan Kota,S1,urp@itk.ac.id,,
Institut Sains Dan Teknologi Td Pardede,Perencanaan Wilayah Dan Kota,S1,ftspistp@gmail.com,,
Institut Teknologi Indonesia,Perencanaan Wilayah Dan Kota,S1,KOSONG,,
Universitas Bosowa,Perencanaan Wilayah Dan Kota,S2,info@universitasbosowa.ac.id,,
Institut Pertanian Bogor,Ilmu Perencanaan Wilayah,S2,soil@apps.ipb.ac.id;pspwl_ipb@yahoo.com,,
Universitas Indonesia,Perencanaan Wilayah Dan Kota,S2,KOSONG,,
Universitas Komputer Indonesia,Teknik Perencanaan Wilayah Dan Kota,S1,pwk@unikom.ac.id,,
Institut Teknologi Sains Bandung,Perencanaan Wilayah Dan Kota,S1,office@itsb.ac_id.net,,
Universitas Islam Kuantan Singingi,Perencanaan Wilayah Dan Kota,S1,KOSONG,,
Universitas Terbuka,Perencanaan Wilayah Dan Kota,S1,pwk_fst@ecampus.ut.ac.id,,
Universitas Diponegoro,Perencanaan Tata Ruang Dan Pertanahan,D-IV,ptrp@live.undip.ac.id,,
Universitas Muhammadiyah Bulukumba,Perencanaan Wilayah Dan Kota,S1,KOSONG,,
Universitas Sali Al-Aitaam,Perencanaan Wilayah Dan Kota,S1,KOSONG,,
Universitas Diponegoro,Perencanaan Wilayah Dan Kota,S1,dpwk@pwk.undip.ac.id,,
Universitas Diponegoro,Perencanaan Wilayah Dan Kota,S2,mpwk@live.undip.ac.id,,
Universitas Riau,Perencanaan Wilayah Dan Perdesaan,S2,KOSONG,,
Institut Modern Arsitektur Dan Teknologi,Perencanaan Wilayah Dan Kota,S1,-,,
Institut Teknologi Dan Bisnis Stikom Ambon,Perencanaan Wilayah Dan Kota,S1,KOSONG,,
Universitas Batam,Perencanaan Wilayah,S2,perencanaanwilayah@univbatam.ac.id,,
Universitas Islam Bandung,Perencanaan Wilayah Dan Kota,S1,planologi@unisba.ac.id,,
Universitas Cenderawasih,Perencanaan Wilayah Dan Kota,S2,KOSONG,,
Universitas Indo Global Mandiri,Perencanaan Wilayah Dan Kota,S1,pwk@uigm.ac.id,,
Universitas Pattimura,Perencanaan Wilayah Dan Kota,S1,prodipwkft.1@gmail.com,,
Universitas Brawijaya,Perencanaan Wilayah Dan Kota,S2,KOSONG,,
Universitas Amal Ilmiah Yapis Wamena,Perencanaan Wilayah Dan Kota,S1,unaim.wamena@gmail.com,,
Universitas Hasanuddin,Perencanaan Wilayah Dan Kota,S2,KOSONG,,
Universitas Tarumanagara,Perencanaan Wilayah Dan Kota,S1,prodi.s1pwk@ft.untar.ac.id,,
Politeknik Pariwisata Medan,Manajemen Perencanaan Dan Pemasaran Pariwisata,D-III,mppp@poltekparmedan.ac.id,,
Universitas Diponegoro,Perencanaan Wilayah Dan Kota,D-III,pdip@pwk.undip.ac.id,,
Universitas Semarang,Perencanaan Wilayah Dan Kota,S1,KOSONG,,
Universitas Lakidende Unahaa,Perencanaan Wilayah Dan Kota,S1,KOSONG,,
Universitas Lampung,Perencanaan Wilayah Dan Kota,S2,pspwk@kpa.unila.ac.id,,
Universitas Karimun,Perencanaan Wilayah Dan Kota,S1,KOSONG,,
Universitas Teknologi Sulawesi Utara,Perencanaan Wilayah Dan Kota,S1,info@utsu.ac.id,,
Universitas Gadjah Mada,Perencanaan Wilayah Dan Kota,S1,s1pwk@ugm.ac.id,,
Universitas Gadjah Mada,Magister Perencanaan Wilayah Dan Kota,S2,mpwk@ugm.ac.id,,
Universitas Pakuan,Perencanaan Wilayah Dan Kota,S2,magisterpwk@unpak.ac.id,,
Institut Teknologi Bandung,Perencanaan Wilayah Dan Kota,S2,pmpwk@pl.itb.ac.id,,
Universitas Diponegoro,Perencanaan Tata Ruang Wilayah Dan Kota K. Pekalongan,D-III,psdkupwkpekalongan@gmail.com,,
Universitas Esa Unggul,Perencanaan Wilayah Dan Kota,S1,KOSONG,,
Politeknik Negeri Pontianak,Perencanaan Perumahan Dan Pemukiman,D-IV,tp3d-4@polnep.ac.id,,
Universitas Pradita,Perencanaan Wilayah Dan Kota,S1,info@pradita.ac.id,,
Universitas Karyadarma Kupang,Perencanaan Wilayah Dan Kota,S1,KOSONG,,
Universitas Indonesia,Kajian Pengembangan Perkotaan,S2,kppui@yahoo.com,,
Universitas Gadjah Mada,Magister Rancang Kota,S2,mrk.ft@ugm.ac.id,,
Institut Teknologi Bandung,Rancang Kota,S2,sekres2@ar.itb.ac.id,,
Institut Teknologi Yogyakarta,Ilmu Lingkungan,S2,ity.sttl@gmail.com,,
Universitas Al-Muslim,Ilmu Lingkungan,S1,KOSONG,,
Universitas Andalas,Ilmu Lingkungan,S2,sekretariat@pasca.unand.ac.id,,
Universitas Bengkulu,Ilmu Lingkungan,S1,KOSONG,,
Universitas Bojonegoro,Ilmu Lingkungan,S1,,,
Universitas Brawijaya,Ilmu Lingkungan,S3,KOSONG,,
Universitas Caritas Indonesia,Ilmu Lingkungan,S1,-,,
Universitas Diponegoro,Ilmu Lingkungan,S2,mil@live.undip.ac.id,,
Universitas Diponegoro,Ilmu Lingkungan,S3,dil@live.undip.ac.id,,
Universitas Dumoga Kotamobagu,Ilmu Lingkungan,S1,-,,
Universitas Gadjah Mada,Doktor Ilmu Lingkungan,S3,sps@ugm.ac.id,,
Universitas Gadjah Mada,Magister Ilmu Lingkungan,S2,sps@ugm.ac.id,,
Universitas Halu Oleo,Ilmu Lingkungan,S1,ilmu.lingkungan@uho.ac.id,,
Universitas Hasanuddin,Ilmu Lingkungan,S3,KOSONG,,
Universitas Ibn Khaldun,Ilmu Lingkungan,S1,ft@uika-bogor.ac.id,,
Universitas Indonesia,Ilmu Lingkungan,S2,psil_ui@link.net.id,,
Universitas Indonesia,Ilmu Lingkungan,S3,psil_ui@link.net.id,,
Universitas Islam Negeri Antasari Banjarmasin,Ilmu Lingkungan,S1,KOSONG,,
Universitas Islam Negeri Profesor Kiai Haji Saifuddin Zuhri Purwokerto,Ilmu Lingkungan,S1,KOSONG,,
Universitas Islam Negeri Raden Mas Said Surakarta,Ilmu Lingkungan,S1,KOSONG,,
Universitas Ivet,Ilmu Lingkungan,S1,-,,
Universitas Jambi,Ilmu Lingkungan,S2,KOSONG,,
Universitas Jenderal Soedirman,Ilmu Lingkungan,S2,pmsil_unsoed@yahoo.com,,
Universitas Katolik Soegijapranata,Ilmu Lingkungan,S3,KOSONG,,
Universitas Kuningan,Ilmu Lingkungan,S1,-,,
Universitas Lambung Mangkurat,Ilmu Lingkungan,S1,KOSONG,,
Universitas Lambung Mangkurat,Ilmu Lingkungan,S3,KOSONG,,
Universitas Lampung,Ilmu Lingkungan,S2,pps@unila.ac.id,,
Universitas Lampung,Ilmu Lingkungan,S3,KOSONG,,
Universitas Lancang Kuning,Ilmu Lingkungan,S2,S2ilmu_lingkungan@unilak.ac.id,,
Universitas Maritim Raja Ali Haji (UMRAH),Ilmu Lingkungan,S2,pascamil@umrah.ac.id,,
Universitas Mataram,Ilmu Lingkungan,S1,ilmulingkungan@unram.ac.id,,
Universitas Muhammadiyah Madiun,Ilmu Lingkungan,S1,,,
Universitas Muhammadiyah Mataram,Ilmu Lingkungan,S2,,,
Universitas Muhammadiyah Papua,Ilmu Lingkungan,S1,,,
Universitas Mulawarman,Ilmu Lingkungan,S1,,,
Universitas Mulawarman,Ilmu Lingkungan,S3,,,
Universitas Mulawarman,Ilmu Lingkungan,S2,psmil@unmul.ac.id,,
Universitas Musi Rawas,Ilmu Lingkungan,S2,,,
Universitas Musi Rawas,Ilmu Lingkungan,S1,,,
Universitas Negeri Gorontalo,Ilmu Lingkungan,S1,ilmulingkungan@ung.ac.id,,
Universitas Negeri Gorontalo,Ilmu Lingkungan,S3,,,
Universitas Negeri Manado,Ilmu Lingkungan,S1,,,
Universitas Negeri Padang,Ilmu Lingkungan,S1,lingkungan@fmipa.unp.ac.id,,
Universitas Negeri Padang,Ilmu Lingkungan,S3,,,
Universitas Negeri Padang,Ilmu Lingkungan,S2,ppsunp@telkom.net,,
Universitas Negeri Semarang,Ilmu Lingkungan,S1,lingkungan@mail.unnes.ac.id,,
Universitas Negeri Yogyakarta,Ilmu Lingkungan,S2,,,
Universitas Nusa Cendana,Ilmu Lingkungan,S3,,,
Universitas Padjadjaran,Ilmu Lingkungan,S3,prodi.mil-sil.pasca@unpad.ac.id,,
Universitas Padjadjaran,Ilmu Lingkungan,S2,prodi.mil-sil.pasca@unpad.ac.id,,
Universitas Palangka Raya,Ilmu Lingkungan,S3,,,
Universitas Papua,Ilmu Lingkungan,S3,s3ilmulingkungan@unipa.ac.id,,
Universitas Pembangunan Nasional Veteran Jawa Timur,Ilmu Lingkungan,S2,,,
Universitas Persatuan Islam,Ilmu Lingkungan,S1,ilmulingkunganunipi@gmail.com,,
Universitas Riau,Ilmu Lingkungan,S2,msi-ps@unri.ac.id,,
Universitas Riau,Ilmu Lingkungan,S3,dsl-ps@unri.ac.id,,
Universitas Sebelas Maret,Ilmu Lingkungan,S2,ilmulingkungan@mail.uns.ac.id,,
Universitas Sebelas Maret,Ilmu Lingkungan,S3,s3ilmulingkungan@mail.uns.ac.id,,
Universitas Sebelas Maret,Ilmu Lingkungan,S1,lingkungan@mail.uns.ac.id,,
Universitas Serasan,Ilmu Lingkungan,S1,,,
Universitas Sriwijaya,Ilmu Lingkungan,S3,mppl@pps.unsri.ac.id,,
Universitas Tanjungpura,Ilmu Lingkungan,S2,,,
Universitas Udayana,Ilmu Lingkungan,S2,mil@unud.ac.id,,
Universitas Udayana,Ilmu Lingkungan,S3,dil@unud.ac.id,,
Universitas Wira Bhakti,Ilmu Lingkungan,S1,,,
Institut Pertanian Bogor,Ilmu Pengelolaan Sumberdaya Alam Dan Lingkungan,S2,psl@apps.ipb.ac.id,,
Institut Pertanian Bogor,Manajemen Sumberdaya Perairan,S1,msp@apps.ipb.ac.id,,
Institut Pertanian Bogor,Pengelolaan Sumberdaya Pesisir Dan Lautan,S3,spl@apps.ipb.ac.id,,
Institut Pertanian Bogor,Ekonomi Sumberdaya Dan Lingkungan,S2,esl@apps.ipb.ac.id,,
Institut Pertanian Bogor,Konservasi Sumberdaya Hutan Dan Ekowisata,S1,kshe@apps.ipb.ac.id,,
Institut Pertanian Bogor,Pengelolaan Sumberdaya Pesisir Dan Lautan,S2,spl@apps.ipb.ac.id,,
Institut Pertanian Bogor,Manajemen Sumberdaya Lahan,S1,msl@apps.ipb.ac.id,,
Institut Pertanian Bogor,Pengelolaan Sumberdaya Perairan,S2,msp@apps.ipb.ac.id,,
Institut Pertanian Bogor,Pengelolaan Sumberdaya Perairan,S3,msp@apps.ipb.ac.id,,
Institut Pertanian Bogor,Ekonomi Sumberdaya Kelautan Tropika,S2,esl@apps.ipb.ac.id,,
Institut Pertanian Bogor,Ilmu Pengelolaan Sumberdaya Alam Dan Lingkungan,S3,psl@apps.ipb.ac.id,,
Institut Pertanian Bogor,Ekonomi Sumberdaya Dan Lingkungan,S1,esl@apps.ipb.ac.id,,
Institut Teknologi Bandung,Pengelolaan Sumberdaya Air,S2,psda@ftsl.itb.ac.id,,
Institut Teknologi Dan Bisnis Maritim Balik Diwa,Pemanfaatan Sumberdaya Perairan,S1,,,
Politeknik Ahli Usaha Perikanan,Pemanfaatan Sumberdaya Perikanan,S2 Terapan,magister.psp@politeknikaup.ac.id,,
Politeknik Ahli Usaha Perikanan,Teknologi Pengelolaan Sumberdaya Perairan,D-IV,tps@politeknikaup.ac.id,,
Politeknik Negeri Ambon,Manajemen Sumberdaya Perairan K. Banda Naira,D-IV,msp@polnam.ac.id,,
Politeknik Negeri Lampung,Teknik Sumberdaya Lahan Dan Lingkungan,D-III,ps_tsl@polinela.ac.id,,
Sekolah Tinggi Teknologi Kelautan Balik Diwa,Pemanfaatan Sumberdaya Perairan,S1,,,
Universitas Al-Muslim,Pengelolaan Sumberdaya Alam Dan Lingkungan,S2,,,
Universitas Brawijaya,Pengelolaan Sumberdaya Lingkungan Dan Pembangunan,S2,mppl@ub.ac.id,,
Universitas Cenderawasih,Pengelolaan Sumberdaya Alam Dan Lingkungan,S2,,,
Universitas Diponegoro,Manajemen Sumberdaya Perairan,S3,msp.fpik@live.undip.ac.id,,
Universitas Diponegoro,Manajemen Sumberdaya Perairan,S2,msp.fpik@live.undip.ac.id,,
Universitas Gadjah Mada,Manajemen Sumberdaya Akuatik,S1,msa.fbi@ugm.ac.id,,
Universitas Halmahera,Manajemen Sumberdaya Perairan,S1,info@unier,,
Universitas Hasanuddin,Pengelolaan Sumberdaya Pesisir Terpadu,S2,ppsp.fikp@unhas.ac.id,,
Universitas HKBP Nommensen Pematangsiantar,Manajemen Pengelolaan Sumberdaya Perairan,S1,,,
Universitas Jambi,Pemanfaatan Sumberdaya Perikanan,S1,psp.peternakan@unja.ac.id,,
Universitas Jember,Pengelolaan Sumberdaya Air Pertanian,S2,mpsda@unej.ac.id,,
Universitas Khairun,Pemanfaatan Sumberdaya Perikanan,S1,psp.fpik@unkhair.ac.id,,
Universitas Lambung Mangkurat,Pengelolaan Sumberdaya Alam & Lingkungan,S2,psdaling@ulm.ac.id,,
Universitas Lampung,Sumberdaya Akuatik,S1,,,
Universitas Mataram,Pengelolaan Sumberdaya Alam Dan Lingkungan,S2,psdaling@unram.ac.id,,
Universitas Muhammadiyah Kendari,Pemanfaatan Sumberdaya Perikanan,S1,psp@umkendari.ac.id,,
Universitas Mulawarman,Pengelolaan Sumberdaya Perikanan,S1,psp_fpik@unmul.ac.id,,
Universitas Musamus Merauke,Manajemen Sumberdaya Perairan,S1,msp@unmus.ac.id,,
Universitas Nusa Nipa,Manajemen Sumberdaya Perairan,S1,,,
Universitas Palangka Raya,Pengelolaan Sumberdaya Alam & Lingkungan,S2,psdal@upr.ac.id,,
Universitas Panca Bhakti,Pengelolaan Sumberdaya Alam Dan Lingkungan,S2,,,
Universitas Papua,Konservasi Sumberdaya Hutan,D-III,,,
Universitas Pattimura,Manajemen Sumberdaya Kelautan Dan Pulau-pulau Kecil,S2,psdp.fpik@unpatti.ac.id,,
Universitas Sam Ratulangi,Pengelolaan Sumberdaya Pembangunan,S2,sim_usr@unsrat.ac.id,,
Universitas Serambi Mekkah,Pengelolaan Sumberdaya Alam Dan Lingkungan,S2,pps@serambimekkah.ac.id,,
Universitas Sumatera Utara,Manajemen Sumberdaya Perairan Kampus Kabupaten Nias Utara,S1,msp@usu.ac.id,,
Universitas Syiah Kuala,Pemanfaatan Sumberdaya Perikanan,S1,psp.fpik@usk.ac.id,,
Universitas Syiah Kuala,Pengelolaan Sumberdaya Pesisir Terpadu,S2,ppsp@usk.ac.id,,
Universitas Tadulako,Konservasi Sumberdaya Hutan,D-III,,,
Universitas Tanjungpura,Manajemen Sumberdaya Perairan,S1,msp.fpik@untan.ac.id,,
Universitas Trunojoyo,Manajemen Sumberdaya Perairan,S1,msp@trunojoyo.ac.id,,
Universitas Udayana,Manajemen Sumberdaya Perairan,S1,msp.fpik@unud.ac.id,,
Universitas Al-azhar Indonesia,Pengelolaan Sumber Daya Alam,S2,,,
Universitas Andalas,Pengelolaan Sumber Daya Alam,S2,psdal@pasca.unand.ac.id,,
Universitas Bengkulu,Pengelolaan Sumber Daya Alam,S3,psdal.fp@unib.ac.id,,
Universitas Bengkulu,Pengelolaan Sumber Daya Alam,S2,psdal.fp@unib.ac.id,,
Universitas Muhammadiyah Bangka Belitung,Konservasi Sumber Daya Alam,S1,ksda@unmuhbabel.ac.id,,
Universitas Sumatera Utara,Pengelolaan Sumber Daya Alam Dan Lingkungan,S2,psdal@usu.ac.id,,
Universitas Sumatera Utara,Pengelolaan Sumber Daya Alam Dan Lingkungan,S3,psdal@usu.ac.id,,
Universitas Syiah Kuala,Pengelolaan Sumber Daya Alam,S2,psdl@usk.ac.id,,
Universitas Teknologi Sumbawa,Konservasi Sumber Daya Alam,S1,konservasi@uts.ac.id,,
Universitas Trunojoyo,Pengelolaan Sumber Daya Alam,S3,pascasarjana@trunojoyo.ac.id,,
Universitas Trunojoyo,Pengelolaan Sumber Daya Alam,S2,psdl@trunojoyo.ac.id,,
Politeknik Pertanian Negeri Samarinda,Pengelolaan Lingkungan,D-III,pl@politanisamarinda.ac.id,,
Universitas Hasanuddin,Pengelolaan Lingkungan Hidup,S2,mpslh@pasca.unhas.ac.id,,
Universitas Syiah Kuala,Pengelolaan Lingkungan,S2,mpl@usk.ac.id,,
Universitas Sriwijaya,Pengelolaan Lingkungan,S2,mppl@pps.unsri.ac.id,,
